<?xml version="1.0" encoding="UTF-8"?>
<Tokens version="1.0">
	<File path="Constants/TCBlobDownloadState.html">
		
		<Token>
			<TokenIdentifier>//apple_ref/c/tdef/TCBlobDownloadState</TokenIdentifier>
			<Abstract type="html">The current state of the download.</Abstract>
			<DeclaredIn>TCBlobDownloader.h</DeclaredIn>
            <Availability type="html"></Availability>
			
			<NodeRef refid="5"/>
		</Token>
		
		
        
        <Token>
            <TokenIdentifier>//apple_ref/c/econst/TCBlobDownloadStateReady</TokenIdentifier>
            <Abstract type="html">The download is instanciated but has not been started yet.</Abstract>
            <Declaration>TCBlobDownloadStateReady</Declaration>
            
            <DeclaredIn>TCBlobDownloader.h</DeclaredIn>
            
            <NodeRef refid="5"/>
        </Token>
        
        <Token>
            <TokenIdentifier>//apple_ref/c/econst/TCBlobDownloadStateDownloading</TokenIdentifier>
            <Abstract type="html">The download has started the HTTP connection to retrieve the file.</Abstract>
            <Declaration>TCBlobDownloadStateDownloading</Declaration>
            
            <DeclaredIn>TCBlobDownloader.h</DeclaredIn>
            
            <NodeRef refid="5"/>
        </Token>
        
        <Token>
            <TokenIdentifier>//apple_ref/c/econst/TCBlobDownloadStateDone</TokenIdentifier>
            <Abstract type="html">The download has been completed successfully.</Abstract>
            <Declaration>TCBlobDownloadStateDone</Declaration>
            
            <DeclaredIn>TCBlobDownloader.h</DeclaredIn>
            
            <NodeRef refid="5"/>
        </Token>
        
        <Token>
            <TokenIdentifier>//apple_ref/c/econst/TCBlobDownloadStateCancelled</TokenIdentifier>
            <Abstract type="html">The download has been cancelled manually.</Abstract>
            <Declaration>TCBlobDownloadStateCancelled</Declaration>
            
            <DeclaredIn>TCBlobDownloader.h</DeclaredIn>
            
            <NodeRef refid="5"/>
        </Token>
        
        <Token>
            <TokenIdentifier>//apple_ref/c/econst/TCBlobDownloadStateFailed</TokenIdentifier>
            <Abstract type="html">The download failed, probably because of an error. It is possible to access the error in the appropriate delegate method or block property.</Abstract>
            <Declaration>TCBlobDownloadStateFailed</Declaration>
            
            <DeclaredIn>TCBlobDownloader.h</DeclaredIn>
            
            <NodeRef refid="5"/>
        </Token>
        
        
	</File>
</Tokens>