<?xml version="1.0" encoding="UTF-8"?>
<Tokens version="1.0">
	<File path="Protocols/TCBlobDownloaderDelegate.html">
		
		<Token>
			<TokenIdentifier>//apple_ref/occ/intf/TCBlobDownloaderDelegate</TokenIdentifier>
			<Abstract type="html">The TCBlobDownloaderDelegate protocol defines the methods supported by TCBlobDownloader to notify you of the state of the download.</Abstract>
			<DeclaredIn>TCBlobDownloader.h</DeclaredIn>
            
			
			<NodeRef refid="3"/>
		</Token>
		
		
		<Token>
			<TokenIdentifier>//apple_ref/occ/intfm/TCBlobDownloaderDelegate/download:didReceiveFirstResponse:</TokenIdentifier>
			<Abstract type="html">Optional. Called when the TCBlobDownloader object has received the first response from the server.</Abstract>
			<DeclaredIn>TCBlobDownloader.h</DeclaredIn>
			
			<Declaration>- (void)download:(TCBlobDownloader *)blobDownload didReceiveFirstResponse:(NSURLResponse *)response</Declaration>
			<Parameters>
				<Parameter>
					<Name>blobDownload</Name>
					<Abstract type="html">The TCBlobDownloader object receiving the first response.</Abstract>
				</Parameter><Parameter>
					<Name>response</Name>
					<Abstract type="html">The NSURLResponse from the server.</Abstract>
				</Parameter>
			</Parameters>
			
			<Anchor>//api/name/download:didReceiveFirstResponse:</Anchor>
            <NodeRef refid="3"/>
		</Token>
		
		<Token>
			<TokenIdentifier>//apple_ref/occ/intfm/TCBlobDownloaderDelegate/download:didReceiveData:onTotal:progress:</TokenIdentifier>
			<Abstract type="html">Optional. Called on each response from the server while the download is occurring.</Abstract>
			<DeclaredIn>TCBlobDownloader.h</DeclaredIn>
			
			<Declaration>- (void)download:(TCBlobDownloader *)blobDownload didReceiveData:(uint64_t)receivedLength onTotal:(uint64_t)totalLength progress:(float)progress</Declaration>
			<Parameters>
				<Parameter>
					<Name>blobDownload</Name>
					<Abstract type="html">The TCBlobDownloader object which received data.</Abstract>
				</Parameter><Parameter>
					<Name>receivedLength</Name>
					<Abstract type="html">The total number of already received bytes.</Abstract>
				</Parameter><Parameter>
					<Name>totalLength</Name>
					<Abstract type="html">The total number of bytes of the file.</Abstract>
				</Parameter><Parameter>
					<Name>progress</Name>
					<Abstract type="html">A value between 0 and 1 defining the progress of the download.

## Note

If you pause and restart later a download, the new TCBlobDownloader will resume it from where it has stopped (see fileName property for more explanations). Therefore, you might want to track yourself the total size of the file when you first tried to download it, otherwise the totalLength is the actual remaining length to download and might not suit your needs if you do something such as a progress bar.</Abstract>
				</Parameter>
			</Parameters>
			
			<Anchor>//api/name/download:didReceiveData:onTotal:progress:</Anchor>
            <NodeRef refid="3"/>
		</Token>
		
		<Token>
			<TokenIdentifier>//apple_ref/occ/intfm/TCBlobDownloaderDelegate/download:didStopWithError:</TokenIdentifier>
			<Abstract type="html">Optional. Called when an error occur during the download. If this method is called, the TCBlobDownloader will be automatically cancelled just after, without deleting the the already downloaded parts of the file. This is done by calling cancelDownloadAndRemoveFile:</Abstract>
			<DeclaredIn>TCBlobDownloader.h</DeclaredIn>
			
			<Declaration>- (void)download:(TCBlobDownloader *)blobDownload didStopWithError:(NSError *)error</Declaration>
			<Parameters>
				<Parameter>
					<Name>blobDownload</Name>
					<Abstract type="html">The TCBlobDownloader object which trigerred an error.</Abstract>
				</Parameter><Parameter>
					<Name>error</Name>
					<Abstract type="html">The trigerred error.</Abstract>
				</Parameter>
			</Parameters>
			
			<Anchor>//api/name/download:didStopWithError:</Anchor>
            <NodeRef refid="3"/>
		</Token>
		
		<Token>
			<TokenIdentifier>//apple_ref/occ/intfm/TCBlobDownloaderDelegate/download:didFinishWithSuccess:atPath:</TokenIdentifier>
			<Abstract type="html">Optional. Called when the download is finished or when the operation has been cancelled. The TCBlobDownloader operation will be removed from TCBlobDownloadManager just after this method is called.</Abstract>
			<DeclaredIn>TCBlobDownloader.h</DeclaredIn>
			
			<Declaration>- (void)download:(TCBlobDownloader *)blobDownload didFinishWithSuccess:(BOOL)downloadFinished atPath:(NSString *)pathToFile</Declaration>
			<Parameters>
				<Parameter>
					<Name>blobDownload</Name>
					<Abstract type="html">The TCBlobDownloader object whose execution is finished.</Abstract>
				</Parameter><Parameter>
					<Name>downloadFinished</Name>
					<Abstract type="html">YES if the file has been downloaded, NO if not.</Abstract>
				</Parameter><Parameter>
					<Name>pathToFile</Name>
					<Abstract type="html">The path where the file has been downloaded.</Abstract>
				</Parameter>
			</Parameters>
			
			<Anchor>//api/name/download:didFinishWithSuccess:atPath:</Anchor>
            <NodeRef refid="3"/>
		</Token>
		
        
        
	</File>
</Tokens>