<?xml version="1.0" encoding="UTF-8"?>
<Tokens version="1.0">
	<File path="Classes/TCBlobDownloader.html">
		
		<Token>
			<TokenIdentifier>//apple_ref/occ/cl/TCBlobDownloader</TokenIdentifier>
			<Abstract type="html">TCBlobDownloader is a subclass of Cocoa&apos;s NSOperation. It&apos;s purpose is to be executed by the TCBlobDownloaderManager singleton to download large files in background threads.</Abstract>
			<DeclaredIn>TCBlobDownloader.h</DeclaredIn>
            <Availability type="html"></Availability>
			
	<RelatedTokens>
		<TokenIdentifier>//apple_ref/occ/intf/TCBlobDownloaderDelegate</TokenIdentifier>
		
	</RelatedTokens>
	
			<NodeRef refid="2"/>
		</Token>
		
		
		<Token>
			<TokenIdentifier>//apple_ref/occ/instm/TCBlobDownloader/setDelegate:</TokenIdentifier>
			<Abstract type="html">The delegate property of a TCBlobDownloader instance. Can be nil.</Abstract>
			<DeclaredIn>TCBlobDownloader.h</DeclaredIn>
			
			<Declaration>@property (nonatomic, unsafe_unretained) id&lt;TCBlobDownloaderDelegate&gt; delegate</Declaration>
			
			
			<Anchor>//api/name/delegate</Anchor>
            <NodeRef refid="2"/>
		</Token>
		
		<Token>
			<TokenIdentifier>//apple_ref/occ/instm/TCBlobDownloader/delegate</TokenIdentifier>
			<Abstract type="html">The delegate property of a TCBlobDownloader instance. Can be nil.</Abstract>
			<DeclaredIn>TCBlobDownloader.h</DeclaredIn>
			
			<Declaration>@property (nonatomic, unsafe_unretained) id&lt;TCBlobDownloaderDelegate&gt; delegate</Declaration>
			
			
			<Anchor>//api/name/delegate</Anchor>
            <NodeRef refid="2"/>
		</Token>
		
		<Token>
			<TokenIdentifier>//apple_ref/occ/instp/TCBlobDownloader/delegate</TokenIdentifier>
			<Abstract type="html">The delegate property of a TCBlobDownloader instance. Can be nil.</Abstract>
			<DeclaredIn>TCBlobDownloader.h</DeclaredIn>
			
			<Declaration>@property (nonatomic, unsafe_unretained) id&lt;TCBlobDownloaderDelegate&gt; delegate</Declaration>
			
			
			<Anchor>//api/name/delegate</Anchor>
            <NodeRef refid="2"/>
		</Token>
		
		<Token>
			<TokenIdentifier>//apple_ref/occ/instm/TCBlobDownloader/setPathToDownloadDirectory:</TokenIdentifier>
			<Abstract type="html">The directory where the file is being downloaded.</Abstract>
			<DeclaredIn>TCBlobDownloader.h</DeclaredIn>
			
			<Declaration>@property (nonatomic, copy, readonly) NSString *pathToDownloadDirectory</Declaration>
			
			
			<Anchor>//api/name/pathToDownloadDirectory</Anchor>
            <NodeRef refid="2"/>
		</Token>
		
		<Token>
			<TokenIdentifier>//apple_ref/occ/instm/TCBlobDownloader/pathToDownloadDirectory</TokenIdentifier>
			<Abstract type="html">The directory where the file is being downloaded.</Abstract>
			<DeclaredIn>TCBlobDownloader.h</DeclaredIn>
			
			<Declaration>@property (nonatomic, copy, readonly) NSString *pathToDownloadDirectory</Declaration>
			
			
			<Anchor>//api/name/pathToDownloadDirectory</Anchor>
            <NodeRef refid="2"/>
		</Token>
		
		<Token>
			<TokenIdentifier>//apple_ref/occ/instp/TCBlobDownloader/pathToDownloadDirectory</TokenIdentifier>
			<Abstract type="html">The directory where the file is being downloaded.</Abstract>
			<DeclaredIn>TCBlobDownloader.h</DeclaredIn>
			
			<Declaration>@property (nonatomic, copy, readonly) NSString *pathToDownloadDirectory</Declaration>
			
			
			<Anchor>//api/name/pathToDownloadDirectory</Anchor>
            <NodeRef refid="2"/>
		</Token>
		
		<Token>
			<TokenIdentifier>//apple_ref/occ/instm/TCBlobDownloader/setPathToFile:</TokenIdentifier>
			<Abstract type="html">The path to the downloaded file, including the file name.</Abstract>
			<DeclaredIn>TCBlobDownloader.h</DeclaredIn>
			
			<Declaration>@property (nonatomic, copy, readonly, getter=pathToFile) NSString *pathToFile</Declaration>
			
			
			<Anchor>//api/name/pathToFile</Anchor>
            <NodeRef refid="2"/>
		</Token>
		
		<Token>
			<TokenIdentifier>//apple_ref/occ/instm/TCBlobDownloader/pathToFile</TokenIdentifier>
			<Abstract type="html">The path to the downloaded file, including the file name.</Abstract>
			<DeclaredIn>TCBlobDownloader.h</DeclaredIn>
			
			<Declaration>@property (nonatomic, copy, readonly, getter=pathToFile) NSString *pathToFile</Declaration>
			
			
			<Anchor>//api/name/pathToFile</Anchor>
            <NodeRef refid="2"/>
		</Token>
		
		<Token>
			<TokenIdentifier>//apple_ref/occ/instp/TCBlobDownloader/pathToFile</TokenIdentifier>
			<Abstract type="html">The path to the downloaded file, including the file name.</Abstract>
			<DeclaredIn>TCBlobDownloader.h</DeclaredIn>
			
			<Declaration>@property (nonatomic, copy, readonly, getter=pathToFile) NSString *pathToFile</Declaration>
			
			
			<Anchor>//api/name/pathToFile</Anchor>
            <NodeRef refid="2"/>
		</Token>
		
		<Token>
			<TokenIdentifier>//apple_ref/occ/instm/TCBlobDownloader/setDownloadURL:</TokenIdentifier>
			<Abstract type="html">The URL of the file to download.</Abstract>
			<DeclaredIn>TCBlobDownloader.h</DeclaredIn>
			
			<Declaration>@property (nonatomic, copy, readonly) NSURL *downloadURL</Declaration>
			
			
			<Anchor>//api/name/downloadURL</Anchor>
            <NodeRef refid="2"/>
		</Token>
		
		<Token>
			<TokenIdentifier>//apple_ref/occ/instm/TCBlobDownloader/downloadURL</TokenIdentifier>
			<Abstract type="html">The URL of the file to download.</Abstract>
			<DeclaredIn>TCBlobDownloader.h</DeclaredIn>
			
			<Declaration>@property (nonatomic, copy, readonly) NSURL *downloadURL</Declaration>
			
			
			<Anchor>//api/name/downloadURL</Anchor>
            <NodeRef refid="2"/>
		</Token>
		
		<Token>
			<TokenIdentifier>//apple_ref/occ/instp/TCBlobDownloader/downloadURL</TokenIdentifier>
			<Abstract type="html">The URL of the file to download.</Abstract>
			<DeclaredIn>TCBlobDownloader.h</DeclaredIn>
			
			<Declaration>@property (nonatomic, copy, readonly) NSURL *downloadURL</Declaration>
			
			
			<Anchor>//api/name/downloadURL</Anchor>
            <NodeRef refid="2"/>
		</Token>
		
		<Token>
			<TokenIdentifier>//apple_ref/occ/instm/TCBlobDownloader/setFileRequest:</TokenIdentifier>
			<Abstract type="html">The NSMutableURLRequest that will be performed by the NSURLConnection. Use this object to pass custom headers to your request if needed.</Abstract>
			<DeclaredIn>TCBlobDownloader.h</DeclaredIn>
			
			<Declaration>@property (nonatomic, strong, readonly) NSMutableURLRequest *fileRequest</Declaration>
			
			
			<Anchor>//api/name/fileRequest</Anchor>
            <NodeRef refid="2"/>
		</Token>
		
		<Token>
			<TokenIdentifier>//apple_ref/occ/instm/TCBlobDownloader/fileRequest</TokenIdentifier>
			<Abstract type="html">The NSMutableURLRequest that will be performed by the NSURLConnection. Use this object to pass custom headers to your request if needed.</Abstract>
			<DeclaredIn>TCBlobDownloader.h</DeclaredIn>
			
			<Declaration>@property (nonatomic, strong, readonly) NSMutableURLRequest *fileRequest</Declaration>
			
			
			<Anchor>//api/name/fileRequest</Anchor>
            <NodeRef refid="2"/>
		</Token>
		
		<Token>
			<TokenIdentifier>//apple_ref/occ/instp/TCBlobDownloader/fileRequest</TokenIdentifier>
			<Abstract type="html">The NSMutableURLRequest that will be performed by the NSURLConnection. Use this object to pass custom headers to your request if needed.</Abstract>
			<DeclaredIn>TCBlobDownloader.h</DeclaredIn>
			
			<Declaration>@property (nonatomic, strong, readonly) NSMutableURLRequest *fileRequest</Declaration>
			
			
			<Anchor>//api/name/fileRequest</Anchor>
            <NodeRef refid="2"/>
		</Token>
		
		<Token>
			<TokenIdentifier>//apple_ref/occ/instm/TCBlobDownloader/setFileName:</TokenIdentifier>
			<Abstract type="html">If not manually set, the file name, which is by default based on the last path component of the download URL.</Abstract>
			<DeclaredIn>TCBlobDownloader.h</DeclaredIn>
			
	<RelatedTokens>
		<TokenIdentifier>//apple_ref/occ/intf/TCBlobDownloaderDelegate</TokenIdentifier>
		
	</RelatedTokens>
	
			<Declaration>@property (nonatomic, copy, getter=fileName) NSString *fileName</Declaration>
			
			
			<Anchor>//api/name/fileName</Anchor>
            <NodeRef refid="2"/>
		</Token>
		
		<Token>
			<TokenIdentifier>//apple_ref/occ/instm/TCBlobDownloader/fileName</TokenIdentifier>
			<Abstract type="html">If not manually set, the file name, which is by default based on the last path component of the download URL.</Abstract>
			<DeclaredIn>TCBlobDownloader.h</DeclaredIn>
			
	<RelatedTokens>
		<TokenIdentifier>//apple_ref/occ/intf/TCBlobDownloaderDelegate</TokenIdentifier>
		
	</RelatedTokens>
	
			<Declaration>@property (nonatomic, copy, getter=fileName) NSString *fileName</Declaration>
			
			
			<Anchor>//api/name/fileName</Anchor>
            <NodeRef refid="2"/>
		</Token>
		
		<Token>
			<TokenIdentifier>//apple_ref/occ/instp/TCBlobDownloader/fileName</TokenIdentifier>
			<Abstract type="html">If not manually set, the file name, which is by default based on the last path component of the download URL.</Abstract>
			<DeclaredIn>TCBlobDownloader.h</DeclaredIn>
			
	<RelatedTokens>
		<TokenIdentifier>//apple_ref/occ/intf/TCBlobDownloaderDelegate</TokenIdentifier>
		
	</RelatedTokens>
	
			<Declaration>@property (nonatomic, copy, getter=fileName) NSString *fileName</Declaration>
			
			
			<Anchor>//api/name/fileName</Anchor>
            <NodeRef refid="2"/>
		</Token>
		
		<Token>
			<TokenIdentifier>//apple_ref/occ/instm/TCBlobDownloader/setSpeedRate:</TokenIdentifier>
			<Abstract type="html">The current speed of the download in bits/sec. This property updates itself regularly so you can retrieve it on a regular interval to update your UI.</Abstract>
			<DeclaredIn>TCBlobDownloader.h</DeclaredIn>
			
			<Declaration>@property (nonatomic, assign, readonly) NSInteger speedRate</Declaration>
			
			
			<Anchor>//api/name/speedRate</Anchor>
            <NodeRef refid="2"/>
		</Token>
		
		<Token>
			<TokenIdentifier>//apple_ref/occ/instm/TCBlobDownloader/speedRate</TokenIdentifier>
			<Abstract type="html">The current speed of the download in bits/sec. This property updates itself regularly so you can retrieve it on a regular interval to update your UI.</Abstract>
			<DeclaredIn>TCBlobDownloader.h</DeclaredIn>
			
			<Declaration>@property (nonatomic, assign, readonly) NSInteger speedRate</Declaration>
			
			
			<Anchor>//api/name/speedRate</Anchor>
            <NodeRef refid="2"/>
		</Token>
		
		<Token>
			<TokenIdentifier>//apple_ref/occ/instp/TCBlobDownloader/speedRate</TokenIdentifier>
			<Abstract type="html">The current speed of the download in bits/sec. This property updates itself regularly so you can retrieve it on a regular interval to update your UI.</Abstract>
			<DeclaredIn>TCBlobDownloader.h</DeclaredIn>
			
			<Declaration>@property (nonatomic, assign, readonly) NSInteger speedRate</Declaration>
			
			
			<Anchor>//api/name/speedRate</Anchor>
            <NodeRef refid="2"/>
		</Token>
		
		<Token>
			<TokenIdentifier>//apple_ref/occ/instm/TCBlobDownloader/setRemainingTime:</TokenIdentifier>
			<Abstract type="html">The estimated number of seconds before the download completes.</Abstract>
			<DeclaredIn>TCBlobDownloader.h</DeclaredIn>
			
			<Declaration>@property (nonatomic, assign, readonly, getter=remainingTime) NSInteger remainingTime</Declaration>
			
			
			<Anchor>//api/name/remainingTime</Anchor>
            <NodeRef refid="2"/>
		</Token>
		
		<Token>
			<TokenIdentifier>//apple_ref/occ/instm/TCBlobDownloader/remainingTime</TokenIdentifier>
			<Abstract type="html">The estimated number of seconds before the download completes.</Abstract>
			<DeclaredIn>TCBlobDownloader.h</DeclaredIn>
			
			<Declaration>@property (nonatomic, assign, readonly, getter=remainingTime) NSInteger remainingTime</Declaration>
			
			
			<Anchor>//api/name/remainingTime</Anchor>
            <NodeRef refid="2"/>
		</Token>
		
		<Token>
			<TokenIdentifier>//apple_ref/occ/instp/TCBlobDownloader/remainingTime</TokenIdentifier>
			<Abstract type="html">The estimated number of seconds before the download completes.</Abstract>
			<DeclaredIn>TCBlobDownloader.h</DeclaredIn>
			
			<Declaration>@property (nonatomic, assign, readonly, getter=remainingTime) NSInteger remainingTime</Declaration>
			
			
			<Anchor>//api/name/remainingTime</Anchor>
            <NodeRef refid="2"/>
		</Token>
		
		<Token>
			<TokenIdentifier>//apple_ref/occ/instm/TCBlobDownloader/setProgress:</TokenIdentifier>
			<Abstract type="html">Current progress of the download.</Abstract>
			<DeclaredIn>TCBlobDownloader.h</DeclaredIn>
			
			<Declaration>@property (nonatomic, assign, readonly, getter=progress) float progress</Declaration>
			
			
			<Anchor>//api/name/progress</Anchor>
            <NodeRef refid="2"/>
		</Token>
		
		<Token>
			<TokenIdentifier>//apple_ref/occ/instm/TCBlobDownloader/progress</TokenIdentifier>
			<Abstract type="html">Current progress of the download.</Abstract>
			<DeclaredIn>TCBlobDownloader.h</DeclaredIn>
			
			<Declaration>@property (nonatomic, assign, readonly, getter=progress) float progress</Declaration>
			
			
			<Anchor>//api/name/progress</Anchor>
            <NodeRef refid="2"/>
		</Token>
		
		<Token>
			<TokenIdentifier>//apple_ref/occ/instp/TCBlobDownloader/progress</TokenIdentifier>
			<Abstract type="html">Current progress of the download.</Abstract>
			<DeclaredIn>TCBlobDownloader.h</DeclaredIn>
			
			<Declaration>@property (nonatomic, assign, readonly, getter=progress) float progress</Declaration>
			
			
			<Anchor>//api/name/progress</Anchor>
            <NodeRef refid="2"/>
		</Token>
		
		<Token>
			<TokenIdentifier>//apple_ref/occ/instm/TCBlobDownloader/setState:</TokenIdentifier>
			<Abstract type="html">Current state of the download.</Abstract>
			<DeclaredIn>TCBlobDownloader.h</DeclaredIn>
			
			<Declaration>@property (nonatomic, assign, readonly) TCBlobDownloadState state</Declaration>
			
			
			<Anchor>//api/name/state</Anchor>
            <NodeRef refid="2"/>
		</Token>
		
		<Token>
			<TokenIdentifier>//apple_ref/occ/instm/TCBlobDownloader/state</TokenIdentifier>
			<Abstract type="html">Current state of the download.</Abstract>
			<DeclaredIn>TCBlobDownloader.h</DeclaredIn>
			
			<Declaration>@property (nonatomic, assign, readonly) TCBlobDownloadState state</Declaration>
			
			
			<Anchor>//api/name/state</Anchor>
            <NodeRef refid="2"/>
		</Token>
		
		<Token>
			<TokenIdentifier>//apple_ref/occ/instp/TCBlobDownloader/state</TokenIdentifier>
			<Abstract type="html">Current state of the download.</Abstract>
			<DeclaredIn>TCBlobDownloader.h</DeclaredIn>
			
			<Declaration>@property (nonatomic, assign, readonly) TCBlobDownloadState state</Declaration>
			
			
			<Anchor>//api/name/state</Anchor>
            <NodeRef refid="2"/>
		</Token>
		
		<Token>
			<TokenIdentifier>//apple_ref/occ/instm/TCBlobDownloader/initWithURL:downloadPath:delegate:</TokenIdentifier>
			<Abstract type="html">Instanciates a TCBlobDownloader object with delegate. TCBlobDownloader objects instanciated this way will not be executed until they are passed to the TCBlobDownloaderManager singleton.</Abstract>
			<DeclaredIn>TCBlobDownloader.h</DeclaredIn>
			
			<Declaration>- (instancetype)initWithURL:(NSURL *)url downloadPath:(NSString *)pathToDL delegate:(id&lt;TCBlobDownloaderDelegate&gt;)delegateOrNil</Declaration>
			<Parameters>
				<Parameter>
					<Name>url</Name>
					<Abstract type="html">The URL from where to download the file.</Abstract>
				</Parameter><Parameter>
					<Name>delegateOrNil</Name>
					<Abstract type="html">An optional delegate. Can be nil.</Abstract>
				</Parameter><Parameter>
					<Name>pathToDLOrNil</Name>
					<Abstract type="html">An optional path to override the default download path of the TCBlobDownloaderManager instance. Can be nil.</Abstract>
				</Parameter>
			</Parameters>
			<ReturnValue><Abstract type="html">The newly created TCBlobDownloader.</Abstract></ReturnValue>
			<Anchor>//api/name/initWithURL:downloadPath:delegate:</Anchor>
            <NodeRef refid="2"/>
		</Token>
		
		<Token>
			<TokenIdentifier>//apple_ref/occ/instm/TCBlobDownloader/initWithURL:downloadPath:firstResponse:progress:error:complete:</TokenIdentifier>
			<Abstract type="html">Instanciates a TCBlobDownloader object with response blocks. TCBlobDownloader objects instanciated this way will not be executed until they are passed to the TCBlobDownloaderManager singleton.</Abstract>
			<DeclaredIn>TCBlobDownloader.h</DeclaredIn>
			
			<Declaration>- (instancetype)initWithURL:(NSURL *)url downloadPath:(NSString *)pathToDL firstResponse:(void ( ^ ) ( NSURLResponse *response ))firstResponseBlock progress:(void ( ^ ) ( uint64_t receivedLength , uint64_t totalLength , NSInteger remainingTime , float progress ))progressBlock error:(void ( ^ ) ( NSError *error ))errorBlock complete:(void ( ^ ) ( BOOL downloadFinished , NSString *pathToFile ))completeBlock</Declaration>
			<Parameters>
				<Parameter>
					<Name>url</Name>
					<Abstract type="html">The URL of the file to download.</Abstract>
				</Parameter><Parameter>
					<Name>firstResponseBlock</Name>
					<Abstract type="html">This block is called when receiving the first response from the server. Can be nil.</Abstract>
				</Parameter><Parameter>
					<Name>progressBlock</Name>
					<Abstract type="html">This block is called on each response from the server while the download is occurring. Can be nil. If the remaining time has not been calculated yet, the value is -1.</Abstract>
				</Parameter><Parameter>
					<Name>errorBlock</Name>
					<Abstract type="html">Called when an error occur during the download. If this block is called, the download will be cancelled just after. Can be nil.</Abstract>
				</Parameter><Parameter>
					<Name>completeBlock</Name>
					<Abstract type="html">Called when the download is completed or cancelled. Can be nil. If the download has been cancelled with the paramater removeFile set to YES, then the pathToFile parameter is nil. The TCBlobDownloader operation will be removed from TCBlobDownloadManager just after this block is called.</Abstract>
				</Parameter><Parameter>
					<Name>customPathOrNil</Name>
					<Abstract type="html">An optional path to override the default download path of the TCBlobDownloaderManager instance. Can be nil.</Abstract>
				</Parameter>
			</Parameters>
			<ReturnValue><Abstract type="html">The newly created TCBlobDownloader.</Abstract></ReturnValue>
			<Anchor>//api/name/initWithURL:downloadPath:firstResponse:progress:error:complete:</Anchor>
            <NodeRef refid="2"/>
		</Token>
		
		<Token>
			<TokenIdentifier>//apple_ref/occ/instm/TCBlobDownloader/cancelDownloadAndRemoveFile:</TokenIdentifier>
			<Abstract type="html">Cancels the download. Remove already downloaded parts of the file from the disk is asked.</Abstract>
			<DeclaredIn>TCBlobDownloader.h</DeclaredIn>
			
			<Declaration>- (void)cancelDownloadAndRemoveFile:(BOOL)remove</Declaration>
			<Parameters>
				<Parameter>
					<Name>remove</Name>
					<Abstract type="html">If YES, this method will remove the downloaded file parts from the disk. File parts are left untouched if set to NO. This will allow TCBlobDownload to restart the download from where it has ended in a future operation.</Abstract>
				</Parameter>
			</Parameters>
			
			<Anchor>//api/name/cancelDownloadAndRemoveFile:</Anchor>
            <NodeRef refid="2"/>
		</Token>
		
		<Token>
			<TokenIdentifier>//apple_ref/occ/instm/TCBlobDownloader/addDependentDownload:</TokenIdentifier>
			<Abstract type="html">Makes the receiver download dependent of the given download. The receiver download will not execute itself until the given download has finished.</Abstract>
			<DeclaredIn>TCBlobDownloader.h</DeclaredIn>
			
			<Declaration>- (void)addDependentDownload:(TCBlobDownloader *)blobDownload</Declaration>
			<Parameters>
				<Parameter>
					<Name>blobDownload</Name>
					<Abstract type="html">The download on which to depend.</Abstract>
				</Parameter>
			</Parameters>
			
			<Anchor>//api/name/addDependentDownload:</Anchor>
            <NodeRef refid="2"/>
		</Token>
		
        
        
	</File>
</Tokens>