<?xml version="1.0" encoding="UTF-8"?>
<Tokens version="1.0">
	<File path="Constants/TCBlobDownloadError.html">
		
		<Token>
			<TokenIdentifier>//apple_ref/c/tdef/TCBlobDownloadError</TokenIdentifier>
			<Abstract type="html">The possible error codes for a TCBlobDownloader operation. When an error block or the corresponding delegate method are called, an NSError instance is passed as parameter. If the domain of this NSError is TCBlobDownload&apos;s, the code parameter will be set to one of these values.</Abstract>
			<DeclaredIn>TCBlobDownloader.h</DeclaredIn>
            <Availability type="html"></Availability>
			
			<NodeRef refid="4"/>
		</Token>
		
		
        
        <Token>
            <TokenIdentifier>//apple_ref/c/econst/TCBlobDownloadErrorInvalidURL</TokenIdentifier>
            <Abstract type="html">NSURLConnection was unable to handle the provided request.</Abstract>
            <Declaration>TCBlobDownloadErrorInvalidURL</Declaration>
            
            <DeclaredIn>TCBlobDownloader.h</DeclaredIn>
            
            <NodeRef refid="4"/>
        </Token>
        
        <Token>
            <TokenIdentifier>//apple_ref/c/econst/TCBlobDownloadErrorHTTPError</TokenIdentifier>
            <Abstract type="html">The connection encountered an HTTP error. Please refer to TCHTTPStatusCode documentation for further details on how to handle such errors.</Abstract>
            <Declaration>TCBlobDownloadErrorHTTPError</Declaration>
            
            <DeclaredIn>TCBlobDownloader.h</DeclaredIn>
            
            <NodeRef refid="4"/>
        </Token>
        
        <Token>
            <TokenIdentifier>//apple_ref/c/econst/TCBlobDownloadErrorNotEnoughFreeDiskSpace</TokenIdentifier>
            <Abstract type="html">The device has not enough free disk space to download the file.</Abstract>
            <Declaration>TCBlobDownloadErrorNotEnoughFreeDiskSpace</Declaration>
            
            <DeclaredIn>TCBlobDownloader.h</DeclaredIn>
            
            <NodeRef refid="4"/>
        </Token>
        
        
	</File>
</Tokens>